{
  "version": "1",
  "cognitoConfig": {
    "identityPoolName": "leaderapp1b0936b3_identitypool_1b0936b3",
    "allowUnauthenticatedIdentities": false,
    "resourceNameTruncated": "leader1b0936b3",
    "userPoolName": "leaderapp1b0936b3_userpool_1b0936b3",
    "autoVerifiedAttributes": [
      "email"
    ],
    "mfaConfiguration": "OFF",
    "mfaTypes": [
      "SMS Text Message"
    ],
    "smsAuthenticationMessage": "Your authentication code is {####}",
    "smsVerificationMessage": "Your verification code is {####}",
    "emailVerificationSubject": "Your verification code",
    "emailVerificationMessage": "Your verification code is {####}",
    "defaultPasswordPolicy": false,
    "passwordPolicyMinLength": 8,
    "passwordPolicyCharacters": [],
    "requiredAttributes": [
      "email"
    ],
    "aliasAttributes": [],
    "userpoolClientGenerateSecret": false,
    "userpoolClientRefreshTokenValidity": 30,
    "userpoolClientWriteAttributes": [],
    "userpoolClientReadAttributes": [],
    "userpoolClientLambdaRole": "leader1b0936b3_userpoolclient_lambda_role",
    "userpoolClientSetAttributes": false,
    "sharedId": "1b0936b3",
    "resourceName": "leaderapp1b0936b3",
    "authSelections": "identityPoolAndUserPool",
    "useDefault": "manual",
    "userPoolGroupList": [],
    "serviceName": "Cognito",
    "usernameCaseSensitive": false,
    "useEnabledMfas": true,
    "authRoleArn": {
      "Fn::GetAtt": [
        "AuthRole",
        "Arn"
      ]
    },
    "unauthRoleArn": {
      "Fn::GetAtt": [
        "UnauthRole",
        "Arn"
      ]
    },
    "breakCircularDependency": true,
    "dependsOn": [],
    "userPoolGroups": false,
    "adminQueries": false,
    "thirdPartyAuth": false,
    "authProviders": [],
    "hostedUI": true,
    "hostedUIDomainName": "t30p2eumhimr",
    "authProvidersUserPool": [
      "Google"
    ],
    "hostedUIProviderMeta": "[{\"ProviderName\":\"Google\",\"authorize_scopes\":\"openid email profile\",\"AttributeMapping\":{\"email\":\"email\",\"username\":\"sub\"}}]",
    "oAuthMetadata": "{\"AllowedOAuthFlows\":[\"code\"],\"AllowedOAuthScopes\":[\"phone\",\"email\",\"openid\",\"profile\",\"aws.cognito.signin.user.admin\"],\"CallbackURLs\":[\"http://localhost:3000/profile\"],\"LogoutURLs\":[\"http://localhost:3000/profile\"]}"
  }
}