{
  "providers": {
    "awscloudformation": {
      "AuthRoleName": "amplify-amplify27e48a99f8e34-staging-184335-authRole",
      "UnauthRoleArn": "arn:aws:iam::633211861656:role/amplify-amplify27e48a99f8e34-staging-184335-unauthRole",
      "AuthRoleArn": "arn:aws:iam::633211861656:role/amplify-amplify27e48a99f8e34-staging-184335-authRole",
      "Region": "us-east-2",
      "DeploymentBucketName": "amplify-amplify27e48a99f8e34-staging-184335-deployment",
      "UnauthRoleName": "amplify-amplify27e48a99f8e34-staging-184335-unauthRole",
      "StackName": "amplify-amplify27e48a99f8e34-staging-184335",
      "StackId": "arn:aws:cloudformation:us-east-2:633211861656:stack/amplify-amplify27e48a99f8e34-staging-184335/93874ae0-6f78-11ee-86cf-065d3db7e079",
      "AmplifyAppId": "d3s90eejznekr3"
    }
  },
  "api": {
    "leaderapp": {
      "dependsOn": [],
      "output": {
        "authConfig": {
          "additionalAuthenticationProviders": [
            {
              "authenticationType": "AWS_IAM"
            }
          ],
          "defaultAuthentication": {
            "authenticationType": "API_KEY",
            "apiKeyConfig": {
              "apiKeyExpirationDays": 30,
              "description": "api key description"
            }
          }
        },
        "GraphQLAPIIdOutput": "yi5damac4narvalfpzczko5emu",
        "GraphQLAPIEndpointOutput": "https://loosp4ryivh3pjmxupnzt46p7m.appsync-api.us-east-2.amazonaws.com/graphql",
        "GraphQLAPIKeyOutput": "da2-ihwqk6ojkvfs5pqm4aahgjrhfu"
      },
      "providerPlugin": "awscloudformation",
      "service": "AppSync",
      "lastPushTimeStamp": "2023-10-21T06:22:22.028Z",
      "providerMetadata": {
        "s3TemplateURL": "https://s3.amazonaws.com/amplify-amplify27e48a99f8e34-staging-184335-deployment/amplify-cfn-templates/api/cloudformation-template.json",
        "logicalId": "apileaderapp"
      },
      "lastPushDirHash": "I5qZLGnu1tVdQowmdMMD5hxLNgE="
    }
  },
  "auth": {
    "leaderapp1b0936b3": {
      "customAuth": false,
      "dependsOn": [],
      "frontendAuthConfig": {
        "mfaConfiguration": "OFF",
        "mfaTypes": [
          "SMS"
        ],
        "passwordProtectionSettings": {
          "passwordPolicyMinLength": 8,
          "passwordPolicyCharacters": []
        },
        "signupAttributes": [
          "EMAIL"
        ],
        "socialProviders": [
          "GOOGLE"
        ],
        "usernameAttributes": [],
        "verificationMechanisms": [
          "EMAIL"
        ]
      },
      "providerPlugin": "awscloudformation",
      "service": "Cognito",
      "output": {
        "UserPoolId": "us-east-2_fHXiH2BNW",
        "AppClientIDWeb": "6ba39eqsv89m96lvao34k11uvk",
        "AppClientID": "62lmovfu772fovv3t1945m6lgb",
        "HostedUIDomain": "t30p2eumhimr-staging",
        "IdentityPoolId": "us-east-2:77fb8d7c-e538-4ed2-9b39-13e3eea9a394",
        "UserPoolArn": "arn:aws:cognito-idp:us-east-2:633211861656:userpool/us-east-2_fHXiH2BNW",
        "IdentityPoolName": "leaderapp1b0936b3_identitypool_1b0936b3__staging",
        "OAuthMetadata": "{\"AllowedOAuthFlows\":[\"code\"],\"AllowedOAuthScopes\":[\"phone\",\"email\",\"openid\",\"profile\",\"aws.cognito.signin.user.admin\"],\"CallbackURLs\":[\"http://localhost:3000/profile\"],\"LogoutURLs\":[\"http://localhost:3000/profile\"]}",
        "UserPoolName": "leaderapp1b0936b3_userpool_1b0936b3"
      },
      "lastPushTimeStamp": "2023-10-21T06:11:50.325Z",
      "providerMetadata": {
        "s3TemplateURL": "https://s3.amazonaws.com/amplify-amplify27e48a99f8e34-staging-184335-deployment/amplify-cfn-templates/auth/leaderapp1b0936b3-cloudformation-template.json",
        "logicalId": "authleaderapp1b0936b3"
      }
    }
  }
}